,count,log_count,National_count,log_National_count,National_grid,log_National_grid,National_grid_p,logit_National_grid,,
Agaricus semotus,26,1.414973348,52,1.716003344,34,1.531478917,0.072805139,-1.105008979,,
Agaricus sylvicola,26,1.414973348,293,2.46686762,94,1.973127854,0.201284797,-0.598580978,,
Agrocybe praecox,4,0.602059991,177,2.247973266,81,1.908485019,0.173447537,-0.678102286,,
Amanita battarrae,4,0.602059991,228,2.357934847,89,1.949390007,0.190578158,-0.628101793,,
Amanita citrina,263,2.419955748,301,2.478566496,98,1.991226076,0.209850107,-0.57580029,,
Amanita excelsa,16,1.204119983,488,2.688419822,108,2.033423755,0.231263383,-0.521670693,,
Amanita fulva,2,0.301029996,228,2.357934847,55,1.740362689,0.117773019,-0.874534527,,
Amanita gemmata,152,2.181843588,120,2.079181246,47,1.672097858,0.100642398,-0.951151432,,
Amanita muscaria,54,1.73239376,584,2.766412847,145,2.161368002,0.310492505,-0.346487869,,
Amanita pantherina,41,1.612783857,241,2.382017043,74,1.86923172,0.158458244,-0.725160831,,
Amanita phalloides,3,0.477121255,297,2.472756449,93,1.968482949,0.199143469,-0.604388654,,
Amanita porphyria,105,2.021189299,152,2.181843588,72,1.857332496,0.154175589,-0.739264599,,
Amanita rubescens,187,2.271841607,933,2.969881644,169,2.227886705,0.361884368,-0.246329559,,
Amanita vaginata,5,0.698970004,325,2.511883361,110,2.041392685,0.235546039,-0.511275531,,
Amanita virosa,8,0.903089987,41,1.612783857,32,1.505149978,0.068522484,-1.133339279,,
Ampulloclitocybe clavipes,57,1.755874856,180,2.255272505,75,1.875061263,0.160599572,-0.718224804,,
Armillaria cepistipes,615,2.788875116,83,1.919078092,38,1.579783597,0.08137045,-1.052673696,,
Armillaria ostoyae,5323,3.726156466,218,2.338456494,70,1.84509804,0.149892934,-0.753692467,,
Asterophora parasitica,3,0.477121255,31,1.491361694,18,1.255272505,0.038543897,-1.396973836,,
Baeospora myosura,4,0.602059991,95,1.977723605,57,1.755874856,0.122055675,-0.856909001,,
Boletus edulis,99,1.995635195,563,2.750508395,149,2.173186268,0.319057816,-0.329240852,,
Boletus erythropus,36,1.556302501,523,2.718501689,110,2.041392685,0.235546039,-0.511275531,,
Boletus reticulatus,50,1.698970004,311,2.492760389,60,1.77815125,0.128479657,-0.831443159,,
Boletus subtomentosus,20,1.301029996,379,2.57863921,113,2.053078443,0.241970021,-0.495924819,,
Caloboletus calopus,4,0.602059991,216,2.334453751,80,1.903089987,0.17130621,-0.684620978,,
Chalciporus piperatus,48,1.681241237,340,2.531478917,108,2.033423755,0.231263383,-0.521670693,,
Chlorophyllum rachodes,65,1.812913357,231,2.36361198,76,1.880813592,0.162740899,-0.711363165,,
Chroogomphus helveticus,212,2.326335861,169,2.227886705,67,1.826074803,0.143468951,-0.775985189,,
Chroogomphus rutilus,9,0.954242509,261,2.416640507,78,1.892094603,0.167023555,-0.697854999,,
Clitocybe costata,3,0.477121255,115,2.06069784,60,1.77815125,0.128479657,-0.831443159,,
Clitocybe ditopa,117,2.068185862,153,2.184691431,80,1.903089987,0.17130621,-0.684620978,,
Clitocybe fuligineipes,30,1.477121255,5,0.698970004,4,0.602059991,0.00856531,-2.063521,,
Clitocybe gibba,1860,3.269512944,633,2.80140371,138,2.139879086,0.295503212,-0.377316812,,
Clitocybe houghtonii,278,2.444044796,2,0.301029996,1,0,0.002141328,-2.668385917,,
Clitocybe metachroa,47,1.672097858,146,2.164352856,73,1.86332286,0.156316916,-0.732173362,,
Clitocybe nebularis,340,2.531478917,674,2.828659897,154,2.187520721,0.329764454,-0.308023617,,
Clitocybe odora,9,0.954242509,186,2.269512944,86,1.934498451,0.184154176,-0.646426524,,
Clitocybe phaeophthalma,4,0.602059991,229,2.359835482,88,1.944482672,0.188436831,-0.634156538,,
Clitocybe phyllophila,3,0.477121255,112,2.049218023,62,1.792391689,0.132762313,-0.815063334,,
Clitocybe subspadicea,83,1.919078092,50,1.698970004,33,1.51851394,0.070663812,-1.11897579,,
Clitocybe vibecina,91,1.959041392,63,1.799340549,41,1.612783857,0.087794433,-1.016625742,,
Clitopilus prunulus,4,0.602059991,745,2.872156273,155,2.190331698,0.331905782,-0.303822896,,
Collybia cookei,8,0.903089987,77,1.886490725,45,1.653212514,0.096359743,-0.972099937,,
Collybia ozes,6,0.77815125,20,1.301029996,13,1.113943352,0.027837259,-1.543112501,,
Conocybe pygmaeoaffinis,12,1.079181246,6,0.77815125,6,0.77815125,0.012847966,-1.885549675,,
Conocybe vestita,1,0,18,1.255272505,16,1.204119983,0.034261242,-1.450056559,,
Coprinellus domesticus,118,2.071882007,65,1.812913357,46,1.662757832,0.098501071,-0.961524264,,
Coprinellus micaceus,80,1.903089987,339,2.530199698,104,2.017033339,0.222698073,-0.542873286,,
Cortinarius acutus,148,2.170261715,150,2.176091259,66,1.819543936,0.141327623,-0.783600437,,
Cortinarius alboviolaceus,3,0.477121255,22,1.342422681,16,1.204119983,0.034261242,-1.450056559,,
Cortinarius anomalus,464,2.666517981,359,2.555094449,129,2.11058971,0.276231263,-0.41832699,,
Cortinarius anthracinus,2,0.301029996,24,1.380211242,17,1.230448921,0.03640257,-1.422763592,,
Cortinarius armeniacus,53,1.72427587,36,1.556302501,21,1.322219295,0.04496788,-1.327115564,,
Cortinarius betuletorum,179,2.252853031,3,0.477121255,2,0.301029996,0.004282655,-2.366422957,,
Cortinarius bivelus,7,0.84509804,11,1.041392685,9,0.954242509,0.019271949,-1.706622969,,
Cortinarius bolaris,478,2.679427897,137,2.136720567,71,1.851258349,0.152034261,-0.746436837,,
Cortinarius brunneus,5,0.698970004,179,2.252853031,69,1.838849091,0.147751606,-0.761033981,,
Cortinarius callochrous,52,1.716003344,165,2.217483944,68,1.832508913,0.145610278,-0.768463983,,
Cortinarius caninus,1,0,127,2.103803721,37,1.568201724,0.079229122,-1.065266732,,
Cortinarius caperatus,3483,3.541953474,307,2.487138375,92,1.963787827,0.197002141,-0.61024344,,
Cortinarius casimiri,276,2.440909082,96,1.982271233,43,1.633468456,0.092077088,-0.993897401,,
Cortinarius cinnabarinus,5,0.698970004,25,1.397940009,23,1.361727836,0.049250535,-1.285655134,,
Cortinarius cinnamomeus,1,0,173,2.238046103,73,1.86332286,0.156316916,-0.732173362,,
Cortinarius citrinus,76,1.880813592,20,1.301029996,14,1.146128036,0.029978587,-1.509970166,,
Cortinarius claricolor,5,0.698970004,39,1.591064607,25,1.397940009,0.053533191,-1.247482261,,
Cortinarius cliduchus,161,2.206825876,25,1.397940009,15,1.176091259,0.032119914,-1.479047176,,
Cortinarius cotoneus,1,0,33,1.51851394,23,1.361727836,0.049250535,-1.285655134,,
Cortinarius damascenus,166,2.220108088,9,0.954242509,6,0.77815125,0.012847966,-1.885549675,,
Cortinarius decipiens,355,2.550228353,98,1.991226076,47,1.672097858,0.100642398,-0.951151432,,
Cortinarius eburneus,3,0.477121255,11,1.041392685,9,0.954242509,0.019271949,-1.706622969,,
Cortinarius epipoleus,4,0.602059991,27,1.431363764,15,1.176091259,0.032119914,-1.479047176,,
Cortinarius evernius,24,1.380211242,77,1.886490725,36,1.556302501,0.077087794,-1.078174769,,
Cortinarius flexipes,1918,3.282848603,344,2.536558443,121,2.08278537,0.259100642,-0.456290728,,
Cortinarius fulvo-ochrascens,6,0.77815125,35,1.544068044,19,1.278753601,0.040685225,-1.372524413,,
Cortinarius glaucopus,16,1.204119983,99,1.995635195,47,1.672097858,0.100642398,-0.951151432,,
Cortinarius hinnuleus,1,0,115,2.06069784,50,1.698970004,0.107066381,-0.921166051,,
Cortinarius humicola,6,0.77815125,31,1.491361694,26,1.414973348,0.055674518,-1.229465241,,
Cortinarius infractus,19,1.278753601,322,2.507855872,100,2,0.214132762,-0.564666064,,
Cortinarius largus,301,2.478566496,52,1.716003344,23,1.361727836,0.049250535,-1.285655134,,
Cortinarius malachius,4,0.602059991,40,1.602059991,18,1.255272505,0.038543897,-1.396973836,,
Cortinarius malicorius,2,0.301029996,74,1.86923172,43,1.633468456,0.092077088,-0.993897401,,
Cortinarius odorifer,3,0.477121255,269,2.42975228,81,1.908485019,0.173447537,-0.678102286,,
Cortinarius paragaudis,104,2.017033339,30,1.477121255,12,1.079181246,0.025695931,-1.578830151,,
Cortinarius parvannulatus,18,1.255272505,16,1.204119983,8,0.903089987,0.017130621,-1.758722699,,
Cortinarius pilatii,9,0.954242509,2,0.301029996,2,0.301029996,0.004282655,-2.366422957,,
Cortinarius porphyropus,2,0.301029996,10,1,8,0.903089987,0.017130621,-1.758722699,,
Cortinarius purpurascens,15,1.176091259,30,1.477121255,23,1.361727836,0.049250535,-1.285655134,,
Cortinarius rigens,57,1.755874856,83,1.919078092,45,1.653212514,0.096359743,-0.972099937,,
Cortinarius sanguineus,7,0.84509804,280,2.447158031,102,2.008600172,0.218415418,-0.553692693,,
Cortinarius sebaceus,78,1.892094603,11,1.041392685,4,0.602059991,0.00856531,-2.063521,,
Cortinarius spilomeus,9,0.954242509,99,1.995635195,51,1.707570176,0.109207709,-0.911523155,,
Cortinarius splendens,1,0,89,1.949390007,46,1.662757832,0.098501071,-0.961524264,,
Cortinarius stillatitius,2,0.301029996,75,1.875061263,37,1.568201724,0.079229122,-1.065266732,,
Cortinarius subporphyropus,32,1.505149978,5,0.698970004,3,0.477121255,0.006423983,-2.189396726,,
Cortinarius talus,1,0,4,0.602059991,4,0.602059991,0.00856531,-2.063521,,
Cortinarius torvus,3,0.477121255,24,1.380211242,17,1.230448921,0.03640257,-1.422763592,,
Cortinarius traganus,1,0,64,1.806179974,35,1.544068044,0.074946467,-1.091415702,,
Cortinarius trivialis,2,0.301029996,32,1.505149978,23,1.361727836,0.049250535,-1.285655134,,
Cortinarius uraceus,1,0,26,1.414973348,19,1.278753601,0.040685225,-1.372524413,,
Cortinarius variicolor,2,0.301029996,330,2.51851394,74,1.86923172,0.158458244,-0.725160831,,
Cortinarius varius,1,0,279,2.445604203,83,1.919078092,0.177730193,-0.665253132,,
Cortinarius venetus,12,1.079181246,243,2.385606274,85,1.929418926,0.182012848,-0.652644437,,
Cortinarius vibratilis,13,1.113943352,26,1.414973348,21,1.322219295,0.04496788,-1.327115564,,
Cortinarius vulpinus,59,1.770852012,15,1.176091259,12,1.079181246,0.025695931,-1.578830151,,
Crepidotus cesatii,23,1.361727836,325,2.511883361,116,2.064457989,0.248394004,-0.480849127,,
Cystoderma amianthinum,465,2.667452953,434,2.63748973,142,2.152288344,0.304068522,-0.359595017,,
Cystoderma carcharias,177,2.247973266,301,2.478566496,107,2.029383778,0.229122056,-0.526918723,,
Cystodermella granulosa,21,1.322219295,58,1.763427994,24,1.380211242,0.051391863,-1.266192485,,
Deconica phyllogena,3,0.477121255,14,1.146128036,9,0.954242509,0.019271949,-1.706622969,,
Entocybe nitida,29,1.462397998,96,1.982271233,53,1.72427587,0.113490364,-0.892724472,,
Entocybe turbida,7,0.84509804,22,1.342422681,16,1.204119983,0.034261242,-1.450056559,,
Entoloma cetratum,26,1.414973348,72,1.857332496,35,1.544068044,0.074946467,-1.091415702,,
Entoloma conferendum,43,1.633468456,141,2.149219113,76,1.880813592,0.162740899,-0.711363165,,
Entoloma cuneatum,6,0.77815125,10,1,9,0.954242509,0.019271949,-1.706622969,,
Entoloma lividoalbum,21,1.322219295,24,1.380211242,21,1.322219295,0.04496788,-1.327115564,,
Entoloma rhodopolium,1049,3.020775488,359,2.555094449,102,2.008600172,0.218415418,-0.553692693,,
Flammulaster carpophilus,3,0.477121255,27,1.431363764,21,1.322219295,0.04496788,-1.327115564,,
Galerella plicatella,2,0.301029996,1,0,1,0,0.002141328,-2.668385917,,
Galerina marginata,122,2.086359831,310,2.491361694,129,2.11058971,0.276231263,-0.41832699,,
Galerina stylifera,4,0.602059991,65,1.812913357,39,1.591064607,0.083511777,-1.040379162,,
Galerina uncialis,89,1.949390007,13,1.113943352,10,1,0.021413276,-1.6599162,,
Geastrum fimbriatum,4,0.602059991,165,2.217483944,84,1.924279286,0.17987152,-0.658919488,,
Gomphidius glutinosus,12,1.079181246,252,2.401400541,66,1.819543936,0.141327623,-0.783600437,,
Gymnopus confluens,1124,3.050766311,701,2.845718018,146,2.164352856,0.312633833,-0.342152177,,
Gymnopus dryophilus,1646,3.216429831,557,2.745855195,136,2.133538908,0.291220557,-0.386289085,,
Gymnopus erythropus,98,1.991226076,34,1.531478917,24,1.380211242,0.051391863,-1.266192485,,
Gymnopus fuscopurpureus,159,2.201397124,25,1.397940009,18,1.255272505,0.038543897,-1.396973836,,
Gymnopus fusipes,17,1.230448921,255,2.40654018,50,1.698970004,0.107066381,-0.921166051,,
Gymnopus ocior,189,2.276461804,68,1.832508913,45,1.653212514,0.096359743,-0.972099937,,
Gymnopus peronatus,205,2.311753861,403,2.605305046,108,2.033423755,0.231263383,-0.521670693,,
Hebeloma crustuliniforme,77,1.886490725,179,2.252853031,82,1.913813852,0.175588865,-0.671646877,,
Hebeloma mesophaeum,8,0.903089987,103,2.012837225,56,1.748188027,0.119914347,-0.865653795,,
Hebeloma radicosum,19,1.278753601,101,2.004321374,54,1.73239376,0.115631692,-0.883556292,,
Hebeloma sinapizans,25,1.397940009,291,2.463892989,85,1.929418926,0.182012848,-0.652644437,,
Hohenbuehelia myxotricha,1,0,23,1.361727836,17,1.230448921,0.03640257,-1.422763592,,
Hydropus subalpinus,4,0.602059991,113,2.053078443,54,1.73239376,0.115631692,-0.883556292,,
Hygrophoropsis aurantiaca,170,2.230448921,193,2.285557309,77,1.886490725,0.164882227,-0.704573882,,
Hygrophorus agathosmus,1,0,395,2.596597096,106,2.025305865,0.226980728,-0.532201337,,
Hygrophorus eburneus,1807,3.256958153,365,2.562292864,99,1.995635195,0.211991435,-0.570212624,,
Hygrophorus marzuolus,1,0,34,1.531478917,22,1.342422681,0.047109208,-1.30593733,,
Hygrophorus mesotephrus,12,1.079181246,4,0.602059991,4,0.602059991,0.00856531,-2.063521,,
Hygrophorus pustulatus,39,1.591064607,240,2.380211242,87,1.939519253,0.186295503,-0.640264344,,
Hymenopellis radicata,203,2.307496038,620,2.792391689,124,2.093421685,0.265524625,-0.441872435,,
Hypholoma capnoides,271,2.432969291,482,2.683047038,154,2.187520721,0.329764454,-0.308023617,,
Hypholoma fasciculare,7234,3.859378504,986,2.993876915,166,2.220108088,0.355460385,-0.258458408,,
Hypholoma lateritium,487,2.687528961,301,2.478566496,114,2.056904851,0.244111349,-0.490869854,,
Hypholoma radicosum,3,0.477121255,62,1.792391689,35,1.544068044,0.074946467,-1.091415702,,
Imleria badia,651,2.813580989,649,2.812244697,139,2.1430148,0.29764454,-0.372859043,,
Inocybe acuta,2,0.301029996,100,2,58,1.763427994,0.124197002,-0.848295314,,
Inocybe assimilata,70,1.84509804,113,2.053078443,63,1.799340549,0.13490364,-0.807040816,,
Inocybe asterospora,14,1.146128036,59,1.770852012,37,1.568201724,0.079229122,-1.065266732,,
Inocybe catalaunica,211,2.324282455,39,1.591064607,32,1.505149978,0.068522484,-1.133339279,,
Inocybe cincinnata,29,1.462397998,137,2.136720567,69,1.838849091,0.147751606,-0.761033981,,
Inocybe cookei,7,0.84509804,54,1.73239376,37,1.568201724,0.079229122,-1.065266732,,
Inocybe flocculosa,62,1.792391689,118,2.071882007,67,1.826074803,0.143468951,-0.775985189,,
Inocybe fuscidula,2,0.301029996,204,2.309630167,104,2.017033339,0.222698073,-0.542873286,,
Inocybe geophylla,33,1.51851394,688,2.837588438,169,2.227886705,0.361884368,-0.246329559,,
Inocybe griseolilacina,29,1.462397998,39,1.591064607,29,1.462397998,0.062098501,-1.179076113,,
Inocybe hirtella,454,2.657055853,76,1.880813592,45,1.653212514,0.096359743,-0.972099937,,
Inocybe hystrix,5,0.698970004,6,0.77815125,6,0.77815125,0.012847966,-1.885549675,,
Inocybe nitidiuscula,45,1.653212514,200,2.301029996,93,1.968482949,0.199143469,-0.604388654,,
Inocybe petiginosa,1007,3.003029471,105,2.021189299,57,1.755874856,0.122055675,-0.856909001,,
Inocybe pusio,4,0.602059991,21,1.322219295,16,1.204119983,0.034261242,-1.450056559,,
Kuehneromyces mutabilis,6946,3.841734779,664,2.822168079,133,2.123851641,0.284796574,-0.399894826,,
Laccaria amethystina,12524,4.097743059,744,2.871572936,166,2.220108088,0.355460385,-0.258458408,,
Laccaria bicolor,4,0.602059991,57,1.755874856,37,1.568201724,0.079229122,-1.065266732,,
Laccaria laccata,1631,3.212453961,782,2.893206753,183,2.26245109,0.391862955,-0.19086725,,
Lactarius acris,101,2.004321374,120,2.079181246,57,1.755874856,0.122055675,-0.856909001,,
Lactarius albocarneus,1,0,41,1.612783857,30,1.477121255,0.064239829,-1.163360182,,
Lactarius aurantiacus,285,2.45484486,303,2.481442629,105,2.021189299,0.2248394,-0.537519271,,
Lactarius blennius,2891,3.461048092,362,2.558708571,101,2.004321374,0.21627409,-0.559159712,,
Lactarius camphoratus,479,2.680335513,310,2.491361694,78,1.892094603,0.167023555,-0.697854999,,
Lactarius deterrimus,76,1.880813592,767,2.884795364,163,2.212187604,0.349036403,-0.270685979,,
Lactarius fuliginosus,32,1.505149978,144,2.158362492,47,1.672097858,0.100642398,-0.951151432,,
Lactarius lignyotus,1,0,197,2.294466226,69,1.838849091,0.147751606,-0.761033981,,
Lactarius pallidus,190,2.278753601,391,2.592176757,95,1.977723605,0.203426124,-0.592819335,,
Lactarius pergamenus,41,1.612783857,39,1.591064607,24,1.380211242,0.051391863,-1.266192485,,
Lactarius picinus,6,0.77815125,319,2.503790683,96,1.982271233,0.205567452,-0.587102677,,
Lactarius piperatus,239,2.378397901,310,2.491361694,49,1.69019608,0.104925054,-0.930980202,,
Lactarius porninsis,10,1,130,2.113943352,54,1.73239376,0.115631692,-0.883556292,,
Lactarius pterosporus,30,1.477121255,107,2.029383778,46,1.662757832,0.098501071,-0.961524264,,
Lactarius quietus,7,0.84509804,241,2.382017043,74,1.86923172,0.158458244,-0.725160831,,
Lactarius romagnesii,1,0,13,1.113943352,9,0.954242509,0.019271949,-1.706622969,,
Lactarius rufus,2,0.301029996,266,2.424881637,84,1.924279286,0.17987152,-0.658919488,,
Lactarius subdulcis,100,2,215,2.33243846,72,1.857332496,0.154175589,-0.739264599,,
Lactarius uvidus,7,0.84509804,165,2.217483944,46,1.662757832,0.098501071,-0.961524264,,
Lactarius vellereus,2,0.301029996,178,2.250420002,69,1.838849091,0.147751606,-0.761033981,,
Lactarius volemus,20,1.301029996,161,2.206825876,60,1.77815125,0.128479657,-0.831443159,,
Lentinellus cochleatus,22,1.342422681,133,2.123851641,60,1.77815125,0.128479657,-0.831443159,,
Lepiota clypeolaria,25,1.397940009,188,2.274157849,67,1.826074803,0.143468951,-0.775985189,,
Lepiota cristata,2,0.301029996,302,2.480006943,114,2.056904851,0.244111349,-0.490869854,,
Lepiota magnispora,16,1.204119983,155,2.190331698,64,1.806179974,0.137044968,-0.799125072,,
Lepista nuda,3,0.477121255,583,2.765668555,134,2.127104798,0.286937901,-0.395339435,,
Leucocortinarius bulbiger,1,0,57,1.755874856,36,1.556302501,0.077087794,-1.078174769,,
Lycoperdon echinatum,7,0.84509804,128,2.10720997,63,1.799340549,0.13490364,-0.807040816,,
Lycoperdon excipuliforme,6,0.77815125,94,1.973127854,53,1.72427587,0.113490364,-0.892724472,,
Lycoperdon mammiforme,1,0,27,1.431363764,19,1.278753601,0.040685225,-1.372524413,,
Lycoperdon nigrescens,95,1.977723605,95,1.977723605,48,1.681241237,0.102783726,-0.940972786,,
Lycoperdon perlatum,160,2.204119983,717,2.855519156,162,2.209515015,0.346895075,-0.274784825,,
Lycoperdon pyriforme,421,2.624282096,495,2.694605199,123,2.089905111,0.263383298,-0.446653331,,
Lycoperdon umbrinum,156,2.193124598,100,2,54,1.73239376,0.115631692,-0.883556292,,
Lyophyllum decastes,10,1,159,2.201397124,68,1.832508913,0.145610278,-0.768463983,,
Lyophyllum fumosum,4,0.602059991,51,1.707570176,34,1.531478917,0.072805139,-1.105008979,,
Macrocystidia cucumis,5,0.698970004,120,2.079181246,71,1.851258349,0.152034261,-0.746436837,,
Macrolepiota excoriata,1,0,32,1.505149978,25,1.397940009,0.053533191,-1.247482261,,
Macrolepiota procera,9,0.954242509,312,2.494154594,99,1.995635195,0.211991435,-0.570212624,,
Marasmius cohaerens,25,1.397940009,128,2.10720997,70,1.84509804,0.149892934,-0.753692467,,
Marasmius torquescens,600,2.77815125,218,2.338456494,84,1.924279286,0.17987152,-0.658919488,,
Marasmius wynneae,10,1,145,2.161368002,68,1.832508913,0.145610278,-0.768463983,,
Megacollybia platyphylla,156,2.193124598,840,2.924279286,140,2.146128036,0.299785867,-0.368419717,,
Melanogaster macrosporus,1,0,1,0,1,0,0.002141328,-2.668385917,,
Melanoleuca melaleuca,3,0.477121255,75,1.875061263,36,1.556302501,0.077087794,-1.078174769,,
Mucidula mucida,115,2.06069784,207,2.315970345,70,1.84509804,0.149892934,-0.753692467,,
Mycena diosma,53,1.72427587,11,1.041392685,10,1,0.021413276,-1.6599162,,
Mycena epipterygia,108,2.033423755,474,2.675778342,146,2.164352856,0.312633833,-0.342152177,,
Mycena flavescens,13,1.113943352,142,2.152288344,57,1.755874856,0.122055675,-0.856909001,,
Mycena galericulata,29,1.462397998,542,2.733999287,150,2.176091259,0.321199143,-0.324968003,,
Mycena galopus,1362,3.134177108,659,2.818885415,157,2.195899652,0.336188437,-0.295462041,,
Mycena haematopus,6,0.77815125,191,2.281033367,95,1.977723605,0.203426124,-0.592819335,,
Mycena pelianthina,305,2.484299839,206,2.31386722,81,1.908485019,0.173447537,-0.678102286,,
Mycena polygramma,3,0.477121255,199,2.298853076,80,1.903089987,0.17130621,-0.684620978,,
Mycena pura,3197,3.504742636,1036,3.015359755,220,2.342422681,0.471092077,-0.050274272,,
Mycena rosea,228,2.357934847,304,2.482873584,89,1.949390007,0.190578158,-0.628101793,,
Mycena sanguinolenta,95,1.977723605,412,2.614897216,121,2.08278537,0.259100642,-0.456290728,,
Mycena vitilis,5,0.698970004,78,1.892094603,34,1.531478917,0.072805139,-1.105008979,,
Mycena zephirus,27,1.431363764,199,2.298853076,89,1.949390007,0.190578158,-0.628101793,,
Myochromella boudieri,2,0.301029996,19,1.278753601,17,1.230448921,0.03640257,-1.422763592,,
Myochromella inolens,1,0,13,1.113943352,9,0.954242509,0.019271949,-1.706622969,,
Panellus serotinus,15,1.176091259,141,2.149219113,71,1.851258349,0.152034261,-0.746436837,,
Panellus stipticus,17,1.230448921,295,2.469822016,100,2,0.214132762,-0.564666064,,
Paralepista flaccida,52,1.716003344,244,2.387389826,98,1.991226076,0.209850107,-0.57580029,,
Phaeoclavulina flaccida,93,1.968482949,24,1.380211242,15,1.176091259,0.032119914,-1.479047176,,
Phaeocollybia arduennensis,4,0.602059991,9,0.954242509,5,0.698970004,0.010706638,-1.965671971,,
Pholiota astragalina,7,0.84509804,161,2.206825876,78,1.892094603,0.167023555,-0.697854999,,
Pholiota squarrosa,851,2.92992956,141,2.149219113,66,1.819543936,0.141327623,-0.783600437,,
Pluteus atromarginatus,1,0,133,2.123851641,68,1.832508913,0.145610278,-0.768463983,,
Pluteus brunneoradiatus,2,0.301029996,17,1.230448921,15,1.176091259,0.032119914,-1.479047176,,
Pluteus cervinus,62,1.792391689,536,2.72916479,132,2.120573931,0.282655246,-0.404470876,,
Pluteus nanus,11,1.041392685,55,1.740362689,28,1.447158031,0.059957173,-1.195306489,,
Pluteus romellii,1,0,108,2.033423755,64,1.806179974,0.137044968,-0.799125072,,
Pluteus satur,1,0,15,1.176091259,14,1.146128036,0.029978587,-1.509970166,,
Psathyrella corrugis,2,0.301029996,51,1.707570176,32,1.505149978,0.068522484,-1.133339279,,
Psathyrella dicrani,5,0.698970004,1,0,1,0,0.002141328,-2.668385917,,
Psathyrella piluliformis,543,2.73479983,79,1.897627091,40,1.602059991,0.085653105,-1.028367884,,
Pseudoclitocybe cyathiformis,72,1.857332496,321,2.506505032,100,2,0.214132762,-0.564666064,,
Pseudoomphalina compressipes,15,1.176091259,37,1.568201724,23,1.361727836,0.049250535,-1.285655134,,
Psilocybe crobula,2,0.301029996,37,1.568201724,21,1.322219295,0.04496788,-1.327115564,,
Rhodocollybia butyracea,6250,3.795880017,699,2.844477176,174,2.240549248,0.372591006,-0.226318372,,
Rhodocollybia maculata,30,1.477121255,220,2.342422681,89,1.949390007,0.190578158,-0.628101793,,
Rhodocollybia prolixa,529,2.723455672,65,1.812913357,31,1.491361694,0.066381156,-1.148124795,,
Ripartites tricholoma,1,0,149,2.173186268,77,1.886490725,0.164882227,-0.704573882,,
Rugosomyces carneus,3,0.477121255,55,1.740362689,34,1.531478917,0.072805139,-1.105008979,,
Russula acrifolia,703,2.846955325,88,1.944482672,45,1.653212514,0.096359743,-0.972099937,,
Russula albonigra,4,0.602059991,68,1.832508913,35,1.544068044,0.074946467,-1.091415702,,
Russula amethystina,2,0.301029996,57,1.755874856,33,1.51851394,0.070663812,-1.11897579,,
Russula anthracina,1,0,142,2.152288344,51,1.707570176,0.109207709,-0.911523155,,
Russula aurora,270,2.431363764,33,1.51851394,21,1.322219295,0.04496788,-1.327115564,,
Russula chloroides,15,1.176091259,164,2.214843848,72,1.857332496,0.154175589,-0.739264599,,
Russula cyanoxantha,951,2.978180517,1087,3.036229544,158,2.198657087,0.338329764,-0.291301392,,
Russula delica,21,1.322219295,414,2.617000341,114,2.056904851,0.244111349,-0.490869854,,
Russula densifolia,6,0.77815125,80,1.903089987,55,1.740362689,0.117773019,-0.874534527,,
Russula faginea,13,1.113943352,27,1.431363764,18,1.255272505,0.038543897,-1.396973836,,
Russula fellea,1416,3.151063253,291,2.463892989,99,1.995635195,0.211991435,-0.570212624,,
Russula firmula,4,0.602059991,109,2.037426498,48,1.681241237,0.102783726,-0.940972786,,
Russula foetens,179,2.252853031,260,2.414973348,73,1.86332286,0.156316916,-0.732173362,,
Russula fragilis,4,0.602059991,84,1.924279286,47,1.672097858,0.100642398,-0.951151432,,
Russula grata,33,1.51851394,133,2.123851641,66,1.819543936,0.141327623,-0.783600437,,
Russula grisea,109,2.037426498,41,1.612783857,24,1.380211242,0.051391863,-1.266192485,,
Russula heterophylla,6,0.77815125,92,1.963787827,39,1.591064607,0.083511777,-1.040379162,,
Russula illota,2,0.301029996,46,1.662757832,30,1.477121255,0.064239829,-1.163360182,,
Russula integra,41,1.612783857,572,2.757396029,126,2.100370545,0.269807281,-0.432383834,,
Russula langei,14,1.146128036,7,0.84509804,5,0.698970004,0.010706638,-1.965671971,,
Russula minutula,2,0.301029996,7,0.84509804,5,0.698970004,0.010706638,-1.965671971,,
Russula nauseosa,2,0.301029996,146,2.164352856,73,1.86332286,0.156316916,-0.732173362,,
Russula nigricans,481,2.682145076,459,2.661812686,126,2.100370545,0.269807281,-0.432383834,,
Russula nobilis,2932,3.467163966,262,2.418301291,85,1.929418926,0.182012848,-0.652644437,,
Russula ochroleuca,5741,3.758987547,587,2.768638101,146,2.164352856,0.312633833,-0.342152177,,
Russula olivacea,10,1,627,2.797267541,108,2.033423755,0.231263383,-0.521670693,,
Russula postiana,2,0.301029996,98,1.991226076,37,1.568201724,0.079229122,-1.065266732,,
Russula pseudointegra,2,0.301029996,30,1.477121255,10,1,0.021413276,-1.6599162,,
Russula puellaris,47,1.672097858,171,2.23299611,66,1.819543936,0.141327623,-0.783600437,,
Russula queletii,10,1,563,2.750508395,131,2.117271296,0.280513919,-0.409067982,,
Russula raoultii,13,1.113943352,27,1.431363764,20,1.301029996,0.042826552,-1.349277527,,
Russula risigallina,5,0.698970004,110,2.041392685,56,1.748188027,0.119914347,-0.865653795,,
Russula romellii,101,2.004321374,48,1.681241237,29,1.462397998,0.062098501,-1.179076113,,
Russula rosea,77,1.886490725,330,2.51851394,78,1.892094603,0.167023555,-0.697854999,,
Russula rubra,34,1.531478917,8,0.903089987,4,0.602059991,0.00856531,-2.063521,,
Russula vesca,56,1.748188027,243,2.385606274,95,1.977723605,0.203426124,-0.592819335,,
Russula virescens,5,0.698970004,85,1.929418926,45,1.653212514,0.096359743,-0.972099937,,
Russula xerampelina,2,0.301029996,240,2.380211242,98,1.991226076,0.209850107,-0.57580029,,
Stropharia aeruginosa,47,1.672097858,256,2.408239965,100,2,0.214132762,-0.564666064,,
Suillellus luridus,2,0.301029996,394,2.595496222,118,2.071882007,0.25267666,-0.47094342,,
Suillus bovinus,7,0.84509804,120,2.079181246,35,1.544068044,0.074946467,-1.091415702,,
Suillus grevillei,314,2.496929648,482,2.683047038,117,2.068185862,0.250535332,-0.475882183,,
Suillus viscidus,169,2.227886705,204,2.309630167,90,1.954242509,0.192719486,-0.622098841,,
Tapinella atrotomentosa,92,1.963787827,177,2.247973266,70,1.84509804,0.149892934,-0.753692467,,
Tapinella panuoides,2,0.301029996,32,1.505149978,30,1.477121255,0.064239829,-1.163360182,,
Tephrocybe murina,38,1.579783597,3,0.477121255,3,0.477121255,0.006423983,-2.189396726,,
Tephrocybe putida,9,0.954242509,8,0.903089987,5,0.698970004,0.010706638,-1.965671971,,
Tephrocybe rancida,60,1.77815125,98,1.991226076,51,1.707570176,0.109207709,-0.911523155,,
Trichocybe puberula,2,0.301029996,2,0.301029996,2,0.301029996,0.004282655,-2.366422957,,
Tricholoma bufonium,1,0,135,2.130333768,46,1.662757832,0.098501071,-0.961524264,,
Tricholoma inamoenum,62,1.792391689,130,2.113943352,57,1.755874856,0.122055675,-0.856909001,,
Tricholoma pardinum,40,1.602059991,74,1.86923172,42,1.62324929,0.08993576,-1.00513964,,
Tricholoma saponaceum,13,1.113943352,372,2.57054294,124,2.093421685,0.265524625,-0.441872435,,
Tricholoma sciodes,124,2.093421685,93,1.968482949,48,1.681241237,0.102783726,-0.940972786,,
Tricholoma stans,15,1.176091259,9,0.954242509,9,0.954242509,0.019271949,-1.706622969,,
Tricholoma sulphureum,13,1.113943352,242,2.383815366,111,2.045322979,0.237687366,-0.506127019,,
Tricholoma terreum,1,0,310,2.491361694,91,1.959041392,0.194860814,-0.616146453,,
Tricholoma ustale,745,2.872156273,119,2.075546961,60,1.77815125,0.128479657,-0.831443159,,
Tricholoma virgatum,21,1.322219295,52,1.716003344,33,1.51851394,0.070663812,-1.11897579,,
Tricholomopsis rutilans,24,1.380211242,530,2.72427587,116,2.064457989,0.248394004,-0.480849127,,
Tubaria conspersa,6,0.77815125,51,1.707570176,36,1.556302501,0.077087794,-1.078174769,,
Tubaria furfuracea,4,0.602059991,210,2.322219295,81,1.908485019,0.173447537,-0.678102286,,
Tylopilus felleus,18,1.255272505,136,2.133538908,59,1.770852012,0.12633833,-0.839808151,,
Typhula fistulosa,4,0.602059991,48,1.681241237,35,1.544068044,0.074946467,-1.091415702,,
Xerocomellus chrysenteron,2476,3.39375064,717,2.855519156,137,2.136720567,0.293361884,-0.381793373,,
Xerocomellus porosporus,16,1.204119983,13,1.113943352,11,1.041392685,0.023554604,-1.617572158,,
Xerocomellus pruinatus,146,2.164352856,54,1.73239376,26,1.414973348,0.055674518,-1.229465241,,